<?xml version="1.0" encoding="UTF-8"?>
<project-private xmlns="http://www.netbeans.org/ns/project-private/1">
    <editor-bookmarks xmlns="http://www.netbeans.org/ns/editor-bookmarks/2" lastBookmarkId="0"/>
    <open-files xmlns="http://www.netbeans.org/ns/projectui-open-files/2">
        <group>
            <file>file:/D:/HOC%20TAP/BaiTapGit/QL%20diem/PointManager/src/repository/MonHocRepository.java</file>
            <file>file:/D:/HOC%20TAP/BaiTapGit/QL%20diem/PointManager/test/repository/NienKhoaTest.java</file>
            <file>file:/D:/HOC%20TAP/BaiTapGit/QL%20diem/PointManager/test/repository/MonHocTest.java</file>
            <file>file:/D:/HOC%20TAP/BaiTapGit/QL%20diem/PointManager/src/view/ViewMain.java</file>
            <file>file:/D:/HOC%20TAP/BaiTapGit/QL%20diem/PointManager/test/repository/ChuyenNganhTest.java</file>
            <file>file:/D:/HOC%20TAP/BaiTapGit/QL%20diem/PointManager/src/repository/ChuyenNganhRepository.java</file>
            <file>file:/D:/HOC%20TAP/BaiTapGit/QL%20diem/PointManager/test/repository/SVLopMonHocTest.java</file>
            <file>file:/D:/HOC%20TAP/BaiTapGit/QL%20diem/PointManager/src/repository/SinhVienRepository.java</file>
            <file>file:/D:/HOC%20TAP/BaiTapGit/QL%20diem/PointManager/test/repository/LopMonHocTest.java</file>
            <file>file:/D:/HOC%20TAP/BaiTapGit/QL%20diem/PointManager/src/repository/MonNganhRepository.java</file>
            <file>file:/D:/HOC%20TAP/BaiTapGit/QL%20diem/PointManager/src/irepository/ISinhVien.java</file>
            <file>file:/D:/HOC%20TAP/BaiTapGit/QL%20diem/PointManager/src/irepository/ISVLopMonHoc.java</file>
            <file>file:/D:/HOC%20TAP/BaiTapGit/QL%20diem/PointManager/src/irepository/INienKhoa.java</file>
            <file>file:/D:/HOC%20TAP/BaiTapGit/QL%20diem/PointManager/src/repository/SVLopMonHocRepository.java</file>
            <file>file:/D:/HOC%20TAP/BaiTapGit/QL%20diem/PointManager/src/util/ConnectDB.java</file>
            <file>file:/D:/HOC%20TAP/BaiTapGit/QL%20diem/PointManager/test/repository/MonChuyenNganhTest.java</file>
        </group>
    </open-files>
</project-private>
