<?xml version="1.0" encoding="UTF-8"?>
<project-private xmlns="http://www.netbeans.org/ns/project-private/1">
    <editor-bookmarks xmlns="http://www.netbeans.org/ns/editor-bookmarks/2" lastBookmarkId="0"/>
    <open-files xmlns="http://www.netbeans.org/ns/projectui-open-files/2">
        <group>
            <file>file:/C:/Users/Admin%2088/Desktop/MrHung/trunk/Ban_Ve/Server/src/dao/ConnectDBTK.java</file>
            <file>file:/C:/Users/Admin%2088/Desktop/MrHung/trunk/Ban_Ve/Server/src/dao/ConnectDBVe.java</file>
            <file>file:/C:/Users/Admin%2088/Desktop/MrHung/trunk/Ban_Ve/Server/src/dao/ConnectDBTour.java</file>
            <file>file:/C:/Users/Admin%2088/Desktop/MrHung/trunk/Ban_Ve/Server/src/server/Server.java</file>
            <file>file:/C:/Users/Admin%2088/Desktop/MrHung/trunk/Ban_Ve/Server/src/dao/ConnectDBKhachhang.java</file>
            <file>file:/C:/Users/Admin%2088/Desktop/MrHung/trunk/Ban_Ve/Server/src/dao/ConnectDBDiadiem.java</file>
        </group>
    </open-files>
</project-private>
