<?xml version="1.0" encoding="UTF-8"?>
<project-private xmlns="http://www.netbeans.org/ns/project-private/1">
    <editor-bookmarks xmlns="http://www.netbeans.org/ns/editor-bookmarks/2" lastBookmarkId="0"/>
    <open-files xmlns="http://www.netbeans.org/ns/projectui-open-files/2">
        <group>
            <file>file:/C:/Users/Admin%2088/Desktop/MrHung/trunk/Ban_Ve/Client/src/client/Client.java</file>
            <file>file:/C:/Users/Admin%2088/Desktop/MrHung/trunk/Ban_Ve/Client/src/client/Diemden.java</file>
            <file>file:/C:/Users/Admin%2088/Desktop/MrHung/trunk/Ban_Ve/Client/src/client/BanVe.java</file>
        </group>
    </open-files>
</project-private>
